{
     "Matrix Chain Multiplication": {
    "Conceptual": {
      "Level 1": [
        "What is the Matrix Chain Multiplication problem?",
        "Why does the order of matrix multiplication matter in MCM?",
        "How is matrix multiplication associative in MCM?",
        "What does it mean to find the optimal parenthesization in MCM?",
        "Why is brute-force matrix multiplication inefficient for larger sequences?",
        "What kind of input is given to the Matrix Chain Multiplication problem?",
        "What does each element in the dimension array represent in MCM?",
        "Why don\u2019t we multiply the matrices directly in MCM?",
        "How many matrices are involved in a chain of length n?",
        "What does a cost matrix represent in MCM?",
        "Why is finding the minimum number of scalar multiplications important in MCM?",
        "Is it necessary to preserve the order of matrices in MCM?",
        "Can the dimensions of matrices be different in MCM?",
        "How is Matrix Chain Multiplication different from normal multiplication?",
        "What role does dynamic programming play in solving MCM efficiently?",
        "What is the goal of solving MCM?",
        "What is meant by 'chain of matrices' in MCM?",
        "Why is matrix multiplication not commutative in the context of MCM?",
        "What happens if we change the parenthesis order in a matrix chain multiplication?",
        "How is the number of operations affected by different parenthesizations in MCM?"
      ],
      "Level 2": [
        "How does the recursive solution for Matrix Chain Multiplication work conceptually?",
        "Why is dynamic programming preferred over recursion in solving MCM problems?",
        "How do overlapping subproblems arise in the Matrix Chain Multiplication problem?",
        "Why does the number of possible parenthesis groupings grow exponentially in MCM?",
        "What are the subproblem states used in the dynamic programming approach to MCM?",
        "How does the cost matrix help in identifying optimal matrix multiplication order?",
        "What is the base case in the recursive formulation of MCM?",
        "How does the choice of split point 'k' influence the total cost in MCM?",
        "What is the intuition behind storing intermediate results in MCM?",
        "Why is the parenthesization order important when multiplying a chain of matrices of varying dimensions?",
        "How do we interpret the table of minimum multiplication costs in MCM dynamic programming?",
        "What is the role of the dimension array in determining the structure of the DP table in MCM?",
        "Why is the Matrix Chain Multiplication problem a good example of optimal substructure?",
        "How do we extract the optimal parenthesis order from the DP matrix in MCM?",
        "Can we visualize the subproblem structure of MCM using a binary tree? How?",
        "How does matrix size affect the number of scalar multiplications in MCM?",
        "What is the time complexity of the dynamic programming solution to MCM, and why?",
        "How do we handle input dimensions when constructing the initial state of MCM?",
        "In what ways can understanding MCM help improve performance in linear algebra computations?",
        "How does dynamic programming ensure that all possible matrix parenthesis combinations are considered efficiently?"
      ],
      "Level 3": [
        "How does the Matrix Chain Multiplication problem demonstrate the principle of divide and conquer within dynamic programming?",
        "Can Matrix Chain Multiplication be solved using a top-down memoized approach, and how does it compare to the bottom-up method?",
        "How would the solution to MCM change if we allowed matrix transposition during multiplication?",
        "What is the effect of matrix sparsity on the scalar multiplication cost model in MCM?",
        "How can the MCM problem be generalized to other associative binary operations beyond matrix multiplication?",
        "What are the implications of precision errors when computing large chains in floating-point matrix multiplications?",
        "How does the optimal substructure property specifically manifest in the parenthesization of MCM?",
        "Why is it important to understand memory layout when optimizing matrix multiplication orders using MCM?",
        "How can MCM be modified or extended to minimize cache misses in real-world matrix computation?",
        "How would you analyze and optimize the space complexity of the MCM dynamic programming solution?",
        "What is the tradeoff between storing the entire split table vs reconstructing the split order during MCM computation?",
        "How can MCM be applied to compiler optimization, and what are the assumptions behind its use?",
        "How does MCM relate to the polygon triangulation problem conceptually?",
        "Can the MCM problem be solved in less than O(n\u00b3) time, and under what assumptions?",
        "How would you represent the full search space of MCM as a state tree and what insights can be gained from it?",
        "What are the potential pitfalls in interpreting the DP cost table in MCM?",
        "Why is memoization critical in large instance recursive MCM, and what overhead does it add?",
        "How can the MCM algorithm be adapted for parallel computation?",
        "What are some real-world scenarios where selecting the wrong parenthesis order in matrix chains can cause performance bottlenecks?",
        "In what way does MCM demonstrate the importance of algorithm design over brute-force execution in complex computations?"
      ]
    },
    "Algorithmic": {
      "Level 1": [
       "Calculate the scalar multiplication cost for A1 ({{d1}}x{{d2}}) and A2 ({{d2}}x{{d3}}).",
      "Determine the total scalar operations for multiplying A1 x A2 x A3 using dimensions {{dims}}.",
      "List all possible parenthesis options for 3 matrices with dimensions {{dims}} and calculate the cost of each.",
      "Which parenthesization is cheaper for A1 x A2 x A3 given dimensions {{dims}}?",
      "Explain the steps for multiplying matrices A1, A2, and A3 using ((A1 x A2) x A3) with dimensions {{dims}}.",
      "Given matrices A1, A2, and A3 with dimensions {{dims}}, compute cost using A1 x (A2 x A3).",
      "Determine the minimum number of scalar multiplications needed to multiply matrices A1 x A2 x A3 with dimensions {{dims}}.",
      "How would the multiplication cost change if A2 was transposed in a matrix chain with dimensions {{dims}}?",
      "Find and compare the scalar multiplication cost for both parenthesizations: ((A1 x A2) x A3) vs A1 x (A2 x A3) with dimensions {{dims}}.",
      "What values of k (split index) should be considered to compute optimal multiplication of A1 to A3 for dimensions {{dims}}?",
      "Describe the scalar operations in the multiplication of A1 ({{d1}}x{{d2}}) and A2 ({{d2}}x{{d3}}).",
      "Compute and explain the total cost for multiplying A1 x A2 with dimensions {{d1}}x{{d2}} and {{d2}}x{{d3}}.",
      "If matrix A1 has dimensions {{d1}}x{{d2}}, and A2 has dimensions {{d2}}x{{d3}}, what is the multiplication cost?",
      "For three matrices with dimensions {{dims}}, calculate the multiplication cost for both possible parenthesizations.",
      "Show the step-by-step scalar operations for ((A1 x A2) x A3) with matrix dimensions {{dims}}.",
      "Describe how to find the cost of matrix chain multiplication using only 3 matrices with dimensions {{dims}}.",
      "What is the multiplication order that gives the lowest cost for matrices with dimensions {{dims}}?",
      "How many total multiplications are required to multiply matrices A1 ({{d1}}x{{d2}}) and A2 ({{d2}}x{{d3}})?",
      "Compute both ((A1 x A2) x A3) and (A1 x (A2 x A3)) for dimensions {{dims}} and identify which is optimal.",
      "Explain the effect of matrix shape on multiplication cost for dimensions {{dims}}."
      ],
      "Level 2": [
        "Use dynamic programming to find the minimum multiplication cost for matrix chain {{dims}}.",
      "Show how the cost table (m[i][j]) is built for dimensions {{dims}} step-by-step.",
      "Trace m[1][3] calculation in matrix chain multiplication using dimensions {{dims}}.",
      "Which value of k (split index) results in the minimum multiplication cost for matrices A2 to A4 with {{dims}}?",
      "Write a bottom-up DP function to compute matrix chain multiplication cost for dimensions {{dims}}.",
      "Describe the recursive approach to matrix chain multiplication and compare it with DP for dimensions {{dims}}.",
      "Given dimensions {{dims}}, simulate how the DP table is filled for chain length 3.",
      "Construct a partial DP table with dimensions {{dims}} and explain cell m[2][4].",
      "Explain why matrix chain multiplication solves overlapping subproblems using {{dims}}.",
      "How does the cost table for dimensions {{dims}} avoid redundant calculations?",
      "Find m[1][4] and its split point for matrix dimensions {{dims}} using DP.",
      "Given matrix sizes {{dims}}, list subproblems solved while computing optimal cost.",
      "Use tabulation to find optimal order of A1 to A4 with dimensions {{dims}}.",
      "Fill in DP values m[i][i+1] and m[i][i+2] for matrix dimensions {{dims}}.",
      "What is the benefit of filling diagonals in the DP table for matrix dimensions {{dims}}?",
      "Write a function to construct both the cost and split table for matrix chain {{dims}}.",
      "Explain how to reconstruct the optimal parenthesization using the split table for dimensions {{dims}}.",
      "Compare time complexity of recursive vs DP solution for matrix chain {{dims}}.",
      "What is the cost difference between recursive and DP approach on matrix chain {{dims}}?",
      "Demonstrate the reduction in scalar operations using DP for matrix chain {{dims}}."
      ],
      "Level 3": [
       "Build a function that returns both cost and optimal order of multiplication for {{dims}} using memoization.",
      "Track and print full DP and split tables for matrix chain {{dims}}.",
      "Write a top-down memoized matrix chain solver for dimensions {{dims}} and print recursion trace.",
      "Explain overlapping subproblems in matrix chain multiplication with {{dims}} and how memoization helps.",
      "For a matrix chain of n = {{n}}, generate dimensions and compute minimum cost using bottom-up DP.",
      "Develop a function to compute optimal parenthesization depth for dimensions {{dims}}.",
      "Print DP table after each chain length iteration for matrix chain {{dims}}.",
      "Track total scalar multiplications avoided using DP on chain {{dims}}.",
      "Use dynamic programming to simulate matrix chain computation for {{dims}} and visualize each iteration.",
      "Find the most balanced split point in the matrix chain {{dims}} to reduce depth.",
      "Extend the DP solution to track nested multiplication levels for matrix chain {{dims}}.",
      "Compare three different parenthesis orders and their costs for matrix dimensions {{dims}}.",
      "Estimate time complexity of bottom-up DP for n = {{n}} and dimensions {{dims}}.",
      "Given matrix chain {{dims}}, write a complete recursive, memoized, and tabulated version and compare them.",
      "Demonstrate trade-offs between time and space for bottom-up MCM using dimensions {{dims}}.",
      "Visualize the fill process of DP table diagonally for matrix chain {{dims}}.",
      "Design a function that uses memory-efficient rolling arrays for MCM with dimensions {{dims}}.",
      "Write test cases to verify cost table entries for various chain lengths in {{dims}}.",
      "Determine which chain of {{dims}} leads to maximum savings using dynamic programming.",
      "For large matrix chains with dimensions {{dims}}, optimize both computation and memory usage."
      ]
    },
    "Application": {
      "Level 1": [
         "How can Matrix Chain Multiplication improve performance in {{field}} systems with repeated matrix transformations?",
      "Why is matrix multiplication order important in real-time {{field}} applications?",
      "Give an example of how MCM helps in optimizing calculations in {{context}} involving linear transformations.",
      "Describe how MCM reduces computation time in simple image processing pipelines.",
      "In what scenarios in {{field}} can MCM save computation cost by reordering matrix multiplication?",
      "How does MCM help reduce energy consumption in embedded systems like {{field}}?",
      "Explain the role of MCM in speeding up analytics workflows involving chained matrix operations.",
      "What kind of performance improvements can be achieved using MCM in robotic arm control systems?",
      "Describe a basic use case in {{field}} where optimal matrix ordering improves speed.",
      "How can MCM be used to simplify logic in matrix-heavy spreadsheet computations?",
      "Why might a graphics engine benefit from applying MCM for rendering transformations?",
      "How can MCM assist in optimizing pipelines involving multiple coordinate transformations in {{field}}?",
      "Illustrate how MCM is beneficial in real-time sensor data fusion applications.",
      "What is the practical advantage of using MCM in video rendering systems?",
      "In what ways can MCM help reduce delays in software pipelines that handle real-time signal processing?",
      "Explain how MCM reduces computational overhead in simulations with repeated matrix usage.",
      "How does the use of MCM reduce latency in real-time control applications like {{field}}?",
      "What is the value of MCM in accelerating the computation of matrix-based animations?",
      "Describe how MCM helps simplify calculations in physics simulations in {{context}}.",
      "In the context of {{field}}, how does MCM support smoother and faster matrix computation workflows?"
      ],
      "Level 2": [
       "Design a pipeline that applies MCM optimization to reduce computation time in a {{field}} workload.",
      "In {{application}} pipelines, how does choosing optimal matrix order improve throughput?",
      "Describe how MCM is used in multi-layer transformations in computer graphics rendering engines.",
      "How can MCM be integrated into real-time robotics to speed up decision-making cycles?",
      "Explain the benefits of MCM in embedded systems processing high-frequency sensor inputs.",
      "How does MCM affect runtime efficiency in an AI pipeline for audio processing?",
      "Propose a way to use MCM in optimizing forward-pass layers of a neural network.",
      "Describe how optimal parenthesization using MCM is applied in climate simulation models.",
      "Use MCM to explain how matrix caching and ordering can reduce redundancy in repeated transformations.",
      "Explain MCM's role in reducing floating-point operations in computational biology workflows.",
      "Show how matrix transformation order impacts cloud-based rendering workloads using MCM.",
      "How can MCM be used in compiler optimizations for nested matrix expressions?",
      "Illustrate how MCM reduces matrix operation costs in augmented reality rendering.",
      "Apply MCM to identify the least expensive execution path in multi-step matrix computations.",
      "Discuss how MCM reduces both CPU time and memory usage in a mobile machine learning model.",
      "Explain how MCM helps in optimizing transformations in computer vision with matrix sequences.",
      "For matrix sequences in {{field}}, describe how MCM determines execution cost savings.",
      "In simulation software, how does MCM help when many intermediate matrices are created and multiplied?",
      "Compare two execution paths of matrix operations in {{field}} and show where MCM optimization helps.",
      "Evaluate the time reduction from applying MCM in a tabular data transformation engine."
      ],
      "Level 3": [
         "Design a memory-efficient MCM algorithm suitable for use in mobile edge AI processors.",
      "Apply MCM to optimize matrix operations across a distributed computing cluster performing real-time analytics.",
      "Demonstrate how to apply MCM in the training phase of deep neural networks with multiple transformation layers.",
      "Evaluate the impact of MCM optimization in an online graphics engine for video games.",
      "Develop a hybrid algorithm using MCM to balance computation and memory in large-scale scientific simulations.",
      "How does MCM contribute to latency reduction in real-time robotics motion planning pipelines?",
      "Design an automated matrix optimizer using MCM that fits into a compiler backend for scientific code.",
      "Create a benchmark suite to test MCM optimization across different matrix transformation workloads.",
      "Discuss the performance trade-offs of using MCM in a mixed CPU-GPU compute environment.",
      "Implement a recursive-memoized MCM strategy that adapts based on matrix shape characteristics.",
      "Analyze the speedup obtained when applying MCM to deep learning inference tasks on edge devices.",
      "Devise an MCM-based algorithm to select optimal matrix execution order in a graph of linear operations.",
      "Explain how MCM affects throughput in real-time augmented reality rendering applications.",
      "Evaluate MCM for high-resolution multi-camera processing in autonomous driving software.",
      "Demonstrate a tool that uses MCM to visualize optimal execution trees for matrix chains.",
      "Compare recursive, tabulated, and hybrid MCM approaches in the context of dynamic workloads.",
      "Create a profiling tool that leverages MCM to analyze matrix performance bottlenecks in simulations.",
      "How does MCM integrate into modern AI compilers to improve graph-level matrix execution?",
      "In what ways does MCM support adaptive execution planning in large-scale simulations of physical systems?",
      "Design a robust API layer that auto-applies MCM when matrix expressions are dynamically chained."
      ]
    },
    "Optimization": {
      "Level 1": [
        "Why do we need to optimize the order of matrix multiplication in Matrix Chain Multiplication problems?",
        "What is meant by 'optimal order' in Matrix Chain Multiplication?",
        "How does changing the order of multiplying matrices affect performance?",
        "What is the main goal of optimization in Matrix Chain Multiplication?",
        "Why is it not always efficient to multiply matrices in the given input order?",
        "In what way does optimization in MCM reduce computation cost?",
        "Can optimization in MCM reduce the number of scalar multiplications? How?",
        "What would happen if we did not optimize matrix multiplication order in a long matrix chain?",
        "Why is brute-force not suitable for optimizing matrix multiplication order in large problems?",
        "What role does dynamic programming play in optimizing MCM problems?",
        "How can optimizing matrix order improve the efficiency of basic algorithms?",
        "Does optimization always lead to the same result when solving MCM problems? Why or why not?",
        "Is the order of matrix multiplication relevant to the final result in MCM problems?",
        "What is the simplest example where optimizing matrix multiplication reduces the number of operations?",
        "Why is MCM considered a classic optimization problem in dynamic programming?"
      ],
      "Level 2": [
        "Explain how dynamic programming helps in optimizing the matrix multiplication sequence in MCM.",
        "How can we construct the cost matrix and split matrix while solving MCM using optimization?",
        "How does the number of possible parenthesizations grow with the number of matrices in MCM, and how does optimization help?",
        "What is the significance of minimizing scalar multiplications in the MCM optimization process?",
        "Describe how memoization can be used as an optimization technique in recursive MCM solutions.",
        "Why is it necessary to store intermediate results during optimization in the MCM problem?",
        "How would you identify the optimal split point in a chain of matrices using the DP table?",
        "Explain the role of base cases in the dynamic programming solution for MCM optimization.",
        "How is time complexity improved when using an optimized approach to solve MCM compared to brute force?",
        "How can we represent the optimal multiplication sequence once the DP table is computed in MCM?",
        "How does overlapping subproblems concept apply in MCM optimization?",
        "What is the difference between top-down and bottom-up optimization in solving MCM?",
        "What are the space and time complexities of the optimized dynamic programming solution to MCM?",
        "How can you visualize the optimization process in MCM using a parenthesis tree or recursion tree?",
        "What is the significance of minimizing multiplication cost in real-world systems that use MCM?",
        "Can the MCM optimization logic be extended to non-square matrices? What challenges arise?",
        "Why is MCM considered a classic example of dynamic programming optimization problems?",
        "How does the order of matrices affect the cost matrix values during MCM optimization?"
      ],
      "Level 3": [
        "Design an optimized solution for Matrix Chain Multiplication where matrix dimensions are provided as an array of {{dimensions}}.",
        "Compare the performance of a naive recursive and an optimized DP approach in terms of time complexity for input size {{n}}.",
        "Implement a bottom-up DP solution for MCM that also reconstructs the optimal parenthesis order from the split matrix.",
        "Given a matrix chain of length {{length}}, analyze how the DP table evolves during optimization.",
        "Explain how the structure of the split matrix helps in tracing back the optimal multiplication sequence.",
        "Design a modified optimization strategy that limits the depth of recursion in solving MCM using memoization.",
        "Apply MCM optimization to a real-world data processing pipeline represented by matrix transformations of shapes {{shapes}}.",
        "How would using sparse matrix multiplication affect the optimization logic in MCM problems?",
        "Can we optimize MCM further by combining it with other techniques such as greedy approximation in large-scale problems?",
        "Prove that the MCM problem has optimal substructure and overlapping subproblems, using a chain of {{length}} matrices.",
        "How does caching intermediate multiplication costs prevent recomputation in MCM optimization?",
        "Given a randomly generated dimension array of size {{size}}, build a function to compute and return the optimized cost and parenthesis order.",
        "Analyze the impact of matrix size imbalance (e.g., tall vs. wide matrices) on the MCM optimization process.",
        "Can memoization and tabulation lead to the same optimal multiplication order in MCM? Justify your answer with an example.",
        "Construct the DP table manually for the dimension array {{dimensions}}, and derive the optimal multiplication cost.",
        "Explain why greedy strategies fail to produce optimal results in matrix chain multiplication problems.",
        "What are the trade-offs between time and space in the DP-based MCM optimization algorithm?",
        "If parallel computation is available, how can the optimization of MCM be adapted or accelerated?",
        "Design a heuristic to predict the best matrix multiplication sequence for a very long chain, and compare it with DP results.",
        "How would optimization in MCM differ if matrices could be reordered instead of just parenthesized?"
      ]
    }
    
  }
}